bill_id,patient_id,treatment_id,bill_date,amount,payment_method,payment_status
B001,P034,T001,2023-08-09,3941.97,Insurance,Pending
B002,P032,T002,2023-06-09,4158.44,Insurance,Paid
B003,P048,T003,2023-06-28,3731.55,Insurance,Paid
B004,P025,T004,2023-09-01,4799.86,Insurance,Failed
B005,P040,T005,2023-07-06,582.05,Credit Card,Pending
B006,P045,T006,2023-06-19,1381,Insurance,Pending
B007,P001,T007,2023-04-09,534.03,Cash,Failed
B008,P016,T008,2023-05-24,3413.64,Cash,Failed
B009,P039,T009,2023-03-05,4541.14,Credit Card,Paid
B010,P005,T010,2023-01-13,1595.67,Cash,Paid
B011,P022,T011,2023-11-12,4671.66,Cash,Failed
B012,P029,T012,2023-05-07,771.2,Insurance,Pending
B013,P003,T013,2023-08-16,4704.96,Cash,Paid
B014,P012,T014,2023-05-25,2082.3,Credit Card,Paid
B015,P026,T015,2023-01-15,956.39,Insurance,Pending
B016,P016,T016,2023-06-30,2686.42,Insurance,Paid
B017,P037,T017,2023-07-11,1655.49,Credit Card,Pending
B018,P022,T018,2023-11-14,1781.93,Insurance,Pending
B019,P029,T019,2023-02-06,1882.8,Insurance,Pending
B020,P014,T020,2023-12-05,4113.62,Credit Card,Failed
B021,P028,T021,2023-04-24,2926.23,Insurance,Failed
B022,P005,T022,2023-11-14,1900.88,Credit Card,Failed
B023,P047,T023,2023-05-09,3246.5,Credit Card,Pending
B024,P049,T024,2023-06-21,3722.68,Cash,Pending
B025,P030,T025,2023-02-25,1726.81,Cash,Failed
B026,P046,T026,2023-03-17,2360.97,Insurance,Paid
B027,P005,T027,2023-11-14,1048.49,Insurance,Pending
B028,P012,T028,2023-10-29,1315.17,Credit Card,Paid
B029,P016,T029,2023-06-25,3565.03,Insurance,Paid
B030,P026,T030,2023-08-29,1316.47,Credit Card,Pending
B031,P026,T031,2023-04-04,2863.24,Credit Card,Pending
B032,P048,T032,2023-11-06,3690.71,Insurance,Paid
B033,P021,T033,2023-09-23,980.95,Credit Card,Paid
B034,P039,T034,2023-06-13,3052.9,Cash,Failed
B035,P036,T035,2023-04-18,1654.53,Insurance,Failed
B036,P033,T036,2023-01-08,4833.17,Cash,Pending
B037,P030,T037,2023-03-28,2675.96,Insurance,Failed
B038,P037,T038,2023-02-23,4126.97,Credit Card,Failed
B039,P023,T039,2023-04-17,2976.02,Insurance,Failed
B040,P010,T040,2023-03-27,695.36,Cash,Failed
B041,P005,T041,2023-01-01,3349.18,Credit Card,Paid
B042,P036,T042,2023-03-21,4781.32,Insurance,Pending
B043,P034,T043,2023-03-29,3207.25,Insurance,Failed
B044,P031,T044,2023-09-20,4186.35,Insurance,Paid
B045,P010,T045,2023-09-28,4478.93,Cash,Paid
B046,P019,T046,2023-12-20,1526.36,Cash,Paid
B047,P032,T047,2023-05-02,1454.2,Insurance,Failed
B048,P001,T048,2023-01-16,3249.41,Credit Card,Failed
B049,P005,T049,2023-04-30,2349.63,Credit Card,Pending
B050,P045,T050,2023-08-16,4279.38,Cash,Failed
B051,P004,T051,2023-02-04,4550.1,Credit Card,Failed
B052,P016,T052,2023-07-12,2090.4,Cash,Paid
B053,P024,T053,2023-02-12,1565.92,Insurance,Pending
B054,P016,T054,2023-12-16,4012.36,Cash,Failed
B055,P002,T055,2023-10-06,1736.63,Cash,Failed
B056,P049,T056,2023-01-02,4201.76,Insurance,Paid
B057,P028,T057,2023-04-15,2406.82,Credit Card,Paid
B058,P032,T058,2023-05-09,3503.97,Cash,Failed
B059,P027,T059,2023-03-09,929.91,Cash,Pending
B060,P020,T060,2023-11-22,3307.37,Insurance,Pending
B061,P024,T061,2023-01-15,2532.95,Credit Card,Paid
B062,P012,T062,2023-06-14,3139.74,Cash,Paid
B063,P050,T063,2023-06-29,1256.06,Insurance,Failed
B064,P035,T064,2023-05-31,3815.93,Cash,Paid
B065,P033,T065,2023-04-24,4382.59,Insurance,Failed
B066,P033,T066,2023-05-10,1475.33,Credit Card,Pending
B067,P043,T067,2023-08-10,930.72,Credit Card,Pending
B068,P037,T068,2023-03-14,606.37,Credit Card,Failed
B069,P012,T069,2023-03-29,3388.87,Credit Card,Paid
B070,P003,T070,2023-08-26,3231.92,Cash,Pending
B071,P001,T071,2023-01-26,2960.14,Cash,Paid
B072,P033,T072,2023-06-12,1543.76,Credit Card,Pending
B073,P040,T073,2023-12-24,2259.08,Credit Card,Failed
B074,P010,T074,2023-07-23,3175.14,Credit Card,Failed
B075,P043,T075,2023-05-08,2735.45,Cash,Failed
B076,P044,T076,2023-11-27,4945.03,Credit Card,Pending
B077,P029,T077,2023-12-14,1113.98,Credit Card,Paid
B078,P013,T078,2023-09-17,3628.15,Credit Card,Paid
B079,P012,T079,2023-12-26,2319.43,Insurance,Paid
B080,P031,T080,2023-06-26,2426.9,Credit Card,Pending
B081,P046,T081,2023-01-06,3729.19,Insurance,Pending
B082,P002,T082,2023-01-20,3615.96,Insurance,Pending
B083,P050,T083,2023-11-07,4960.65,Credit Card,Pending
B084,P035,T084,2023-05-31,1077.77,Insurance,Pending
B085,P023,T085,2023-02-18,968.49,Credit Card,Paid
B086,P017,T086,2023-10-29,3759.52,Cash,Pending
B087,P026,T087,2023-10-19,3102.74,Cash,Pending
B088,P008,T088,2023-05-02,1733.72,Cash,Paid
B089,P029,T089,2023-02-14,857.39,Cash,Pending
B090,P026,T090,2023-06-01,885.46,Insurance,Paid
B091,P010,T091,2023-06-11,4523.86,Credit Card,Paid
B092,P026,T092,2023-01-30,1363.4,Credit Card,Failed
B093,P034,T093,2023-04-09,1955.17,Credit Card,Failed
B094,P041,T094,2023-04-08,1519.95,Cash,Failed
B095,P007,T095,2023-05-09,2097.48,Cash,Failed
B096,P004,T096,2023-07-07,812.41,Credit Card,Pending
B097,P050,T097,2023-05-06,2835.77,Cash,Failed
B098,P045,T098,2023-03-17,804.26,Credit Card,Paid
B099,P011,T099,2023-07-04,4101.6,Credit Card,Pending
B100,P029,T100,2023-03-02,1551.7,Credit Card,Failed
B101,P036,T101,2023-09-21,2930.05,Credit Card,Paid
B102,P025,T102,2023-10-25,4460.36,Credit Card,Pending
B103,P021,T103,2023-01-24,3428.95,Credit Card,Pending
B104,P036,T104,2023-04-18,2898.31,Credit Card,Failed
B105,P010,T105,2023-08-14,1959.5,Cash,Pending
B106,P037,T106,2023-10-29,1998.51,Credit Card,Paid
B107,P009,T107,2023-04-17,3512.69,Credit Card,Pending
B108,P024,T108,2023-04-21,4973.63,Cash,Paid
B109,P035,T109,2023-07-29,3478.28,Cash,Pending
B110,P049,T110,2023-07-19,3010.03,Cash,Failed
B111,P035,T111,2023-05-22,3787.93,Credit Card,Paid
B112,P048,T112,2023-01-11,2593.43,Insurance,Pending
B113,P036,T113,2023-11-24,770.64,Insurance,Pending
B114,P018,T114,2023-08-08,3030.34,Cash,Pending
B115,P049,T115,2023-10-25,4809.31,Insurance,Paid
B116,P039,T116,2023-07-07,1288.86,Cash,Paid
B117,P032,T117,2023-06-20,3605.02,Credit Card,Paid
B118,P024,T118,2023-08-09,1404.2,Insurance,Failed
B119,P023,T119,2023-12-18,2911.22,Credit Card,Failed
B120,P032,T120,2023-12-08,935.04,Insurance,Paid
B121,P037,T121,2023-04-07,2526.67,Credit Card,Pending
B122,P012,T122,2023-07-11,3902.73,Insurance,Failed
B123,P049,T123,2023-02-28,2064.07,Credit Card,Paid
B124,P013,T124,2023-03-16,3492.1,Credit Card,Pending
B125,P023,T125,2023-02-18,4079.52,Insurance,Failed
B126,P025,T126,2023-11-02,4672.3,Credit Card,Pending
B127,P035,T127,2023-11-13,1555.89,Credit Card,Pending
B128,P041,T128,2023-04-15,2296.92,Credit Card,Pending
B129,P030,T129,2023-08-25,1185.87,Insurance,Pending
B130,P017,T130,2023-02-23,4966.18,Insurance,Failed
B131,P049,T131,2023-05-11,4671.5,Credit Card,Failed
B132,P020,T132,2023-07-26,2929.81,Credit Card,Failed
B133,P048,T133,2023-03-23,4289.15,Insurance,Paid
B134,P025,T134,2023-10-17,2844.31,Insurance,Failed
B135,P022,T135,2023-09-09,3306.14,Credit Card,Pending
B136,P013,T136,2023-05-13,901.06,Credit Card,Failed
B137,P019,T137,2023-10-25,3898.72,Credit Card,Pending
B138,P049,T138,2023-12-26,1074.71,Cash,Paid
B139,P036,T139,2023-10-10,4217.3,Insurance,Pending
B140,P012,T140,2023-02-05,4019.13,Cash,Pending
B141,P041,T141,2023-06-15,3689.35,Insurance,Pending
B142,P019,T142,2023-11-01,662.72,Insurance,Paid
B143,P012,T143,2023-09-21,1864.08,Insurance,Failed
B144,P009,T144,2023-08-16,1684.01,Insurance,Failed
B145,P007,T145,2023-11-11,2120.61,Insurance,Paid
B146,P028,T146,2023-01-05,894.39,Insurance,Pending
B147,P014,T147,2023-11-13,4716.31,Insurance,Failed
B148,P031,T148,2023-12-06,2992.11,Cash,Paid
B149,P019,T149,2023-07-26,1874.86,Credit Card,Failed
B150,P047,T150,2023-08-16,2286.42,Credit Card,Paid
B151,P016,T151,2023-01-28,2512.41,Cash,Pending
B152,P005,T152,2023-04-14,3202.67,Cash,Failed
B153,P035,T153,2023-07-08,2820.56,Cash,Paid
B154,P012,T154,2023-03-06,4637.26,Cash,Failed
B155,P025,T155,2023-01-03,2736.34,Insurance,Failed
B156,P021,T156,2023-11-22,4964.71,Credit Card,Failed
B157,P036,T157,2023-05-12,4331.41,Insurance,Failed
B158,P023,T158,2023-07-12,1438.3,Credit Card,Paid
B159,P016,T159,2023-04-08,4687.68,Credit Card,Pending
B160,P039,T160,2023-12-17,1023.65,Cash,Paid
B161,P045,T161,2023-06-17,4178.52,Insurance,Paid
B162,P042,T162,2023-01-01,2212.8,Cash,Paid
B163,P039,T163,2023-06-27,4450.88,Insurance,Pending
B164,P014,T164,2023-07-28,4406.26,Credit Card,Failed
B165,P031,T165,2023-04-04,4126.66,Cash,Failed
B166,P005,T166,2023-01-12,4055.14,Cash,Failed
B167,P035,T167,2023-11-15,1871.06,Credit Card,Pending
B168,P023,T168,2023-09-29,864.14,Credit Card,Failed
B169,P029,T169,2023-07-24,2313.41,Credit Card,Pending
B170,P043,T170,2023-03-03,1280.86,Cash,Failed
B171,P011,T171,2023-04-18,3627.28,Insurance,Failed
B172,P018,T172,2023-03-09,2057.45,Cash,Paid
B173,P047,T173,2023-06-04,4890.25,Insurance,Pending
B174,P012,T174,2023-10-31,3384.37,Cash,Paid
B175,P009,T175,2023-10-22,4201.16,Cash,Paid
B176,P010,T176,2023-04-26,1096.36,Credit Card,Paid
B177,P044,T177,2023-08-16,4379.07,Insurance,Pending
B178,P017,T178,2023-01-17,4652.41,Cash,Pending
B179,P038,T179,2023-03-08,2691.78,Cash,Failed
B180,P007,T180,2023-01-07,3228.14,Credit Card,Paid
B181,P046,T181,2023-09-03,3941.64,Credit Card,Failed
B182,P013,T182,2023-04-12,1286.77,Insurance,Paid
B183,P040,T183,2023-02-03,2761.55,Cash,Pending
B184,P042,T184,2023-02-26,2293.98,Insurance,Pending
B185,P009,T185,2023-03-21,1158.68,Cash,Pending
B186,P050,T186,2023-03-27,2153.9,Insurance,Paid
B187,P027,T187,2023-02-13,806.78,Credit Card,Pending
B188,P002,T188,2023-04-12,616.15,Cash,Paid
B189,P005,T189,2023-10-05,1108.25,Insurance,Failed
B190,P029,T190,2023-11-16,4834.02,Credit Card,Paid
B191,P037,T191,2023-04-12,2972.88,Credit Card,Failed
B192,P038,T192,2023-08-31,4846.2,Insurance,Paid
B193,P019,T193,2023-09-15,2446.24,Cash,Failed
B194,P008,T194,2023-04-06,1903.17,Cash,Pending
B195,P048,T195,2023-08-19,2777.64,Credit Card,Failed
B196,P045,T196,2023-10-26,2477.8,Cash,Pending
B197,P001,T197,2023-04-01,975.49,Cash,Pending
B198,P022,T198,2023-05-15,3383.72,Cash,Failed
B199,P017,T199,2023-05-01,1472.17,Credit Card,Paid
B200,P007,T200,2023-12-30,3288.15,Insurance,Paid
